,area,bedrooms,bathrooms,stories,guestroom,basement,hotwaterheating,airconditioning,parking,prefarea,price,furnished,semi-furnished,unfurnished,mainroad_new
284,7770,1.0986122886681098,0.7412763113750154,0.7412763113750154,no,no,no,no,0.7412763113750154,no,4270000,True,False,False,1
77,6500,1.3862943611198906,0.8697416861919439,0.8697416861919439,no,no,no,yes,0.8697416861919439,yes,6650000,True,False,False,1
369,3600,1.0986122886681098,0.7412763113750154,0.7412763113750154,no,no,no,no,0.7412763113750154,no,3675000,True,False,False,1
56,11440,1.6094379124341003,0.959134838920824,0.959134838920824,no,yes,no,no,0.959134838920824,yes,7343000,False,True,False,1
303,4500,1.3862943611198906,0.8697416861919439,0.8697416861919439,no,yes,no,no,0.8697416861919439,no,4200000,True,False,False,1
67,7700,1.3862943611198906,0.8697416861919439,0.8697416861919439,no,no,no,no,0.8697416861919439,no,6895000,False,False,True,1
261,3510,1.3862943611198906,0.8697416861919439,0.8697416861919439,no,no,no,no,0.8697416861919439,no,4473000,False,True,False,1
208,2970,1.3862943611198906,0.8697416861919439,0.8697416861919439,no,no,no,no,0.8697416861919439,no,4900000,False,True,False,1
196,7686,1.3862943611198906,0.8697416861919439,0.8697416861919439,yes,yes,yes,no,0.8697416861919439,no,4970000,False,True,False,1
526,3180,1.0986122886681098,0.7412763113750154,0.7412763113750154,no,no,no,no,0.7412763113750154,no,2310000,False,False,True,1
396,3640,1.0986122886681098,0.7412763113750154,0.7412763113750154,no,no,no,no,0.7412763113750154,no,3500000,False,True,False,1
363,3584,1.0986122886681098,0.7412763113750154,0.7412763113750154,no,no,yes,no,0.7412763113750154,no,3710000,False,True,False,1
373,3000,1.0986122886681098,0.7412763113750154,0.7412763113750154,no,no,no,yes,0.7412763113750154,no,3640000,True,False,False,1
486,6000,1.0986122886681098,0.7412763113750154,0.7412763113750154,no,no,no,no,0.7412763113750154,no,2870000,False,True,False,1
524,3264,1.0986122886681098,0.7412763113750154,0.7412763113750154,no,no,no,no,0.7412763113750154,no,2380000,False,False,True,1
108,3240,1.6094379124341003,0.959134838920824,0.959134838920824,no,no,no,no,0.959134838920824,no,6107500,False,True,False,1
326,4100,1.6094379124341003,0.959134838920824,0.959134838920824,no,yes,no,no,0.959134838920824,no,3990000,False,False,True,0
189,3540,1.0986122886681098,0.7412763113750154,0.7412763113750154,yes,yes,no,no,0.7412763113750154,no,5040000,False,True,False,0
367,3630,1.0986122886681098,0.7412763113750154,0.7412763113750154,no,no,no,yes,0.7412763113750154,no,3675000,False,False,True,1
410,3850,1.3862943611198906,0.8697416861919439,0.8697416861919439,no,no,no,no,0.8697416861919439,no,3430000,False,False,True,1
205,6300,1.3862943611198906,0.8697416861919439,0.8697416861919439,no,no,no,yes,0.8697416861919439,no,4900000,False,True,False,1
200,4520,1.3862943611198906,0.8697416861919439,0.8697416861919439,no,yes,no,yes,0.8697416861919439,no,4900000,False,True,False,1
237,5010,1.3862943611198906,0.8697416861919439,0.8697416861919439,no,yes,no,no,0.8697416861919439,no,4620000,False,True,False,1
513,4400,1.3862943611198906,0.8697416861919439,0.8697416861919439,no,no,no,no,0.8697416861919439,no,2485000,False,False,True,1
272,4075,1.3862943611198906,0.8697416861919439,0.8697416861919439,yes,yes,no,no,0.8697416861919439,no,4340000,False,True,False,1
403,12944,1.3862943611198906,0.8697416861919439,0.8697416861919439,no,no,no,no,0.8697416861919439,no,3500000,False,False,True,1
216,6040,1.3862943611198906,0.8697416861919439,0.8697416861919439,no,no,no,no,0.8697416861919439,yes,4830000,False,True,False,1
374,3520,1.0986122886681098,0.7412763113750154,0.7412763113750154,no,yes,no,no,0.7412763113750154,no,3640000,False,True,False,1
423,3750,1.3862943611198906,0.8697416861919439,0.8697416861919439,no,no,no,no,0.8697416861919439,no,3360000,False,False,True,1
219,7000,1.3862943611198906,0.8697416861919439,0.8697416861919439,no,yes,no,no,0.8697416861919439,no,4795000,False,False,True,1
244,5320,1.3862943611198906,0.8697416861919439,0.8697416861919439,yes,yes,no,no,0.8697416861919439,yes,4550000,False,True,False,1
344,3850,1.0986122886681098,0.7412763113750154,0.7412763113750154,no,no,no,no,0.7412763113750154,no,3850000,False,True,False,1
232,3745,1.3862943611198906,0.8697416861919439,0.8697416861919439,no,yes,no,no,0.8697416861919439,no,4655000,True,False,False,1
337,2145,1.6094379124341003,0.959134838920824,0.959134838920824,no,yes,no,no,0.959134838920824,yes,3920000,False,False,True,1
48,4300,1.3862943611198906,0.8697416861919439,0.8697416861919439,no,yes,no,no,0.8697416861919439,no,7455000,False,False,True,1
463,3090,1.0986122886681098,0.7412763113750154,0.7412763113750154,yes,yes,no,no,0.7412763113750154,no,3080000,False,False,True,1
301,3520,1.3862943611198906,0.8697416861919439,0.8697416861919439,no,no,no,no,0.8697416861919439,yes,4200000,False,True,False,1
422,3720,1.0986122886681098,0.7412763113750154,0.7412763113750154,no,no,no,yes,0.7412763113750154,no,3360000,False,False,True,0
223,6321,1.3862943611198906,0.8697416861919439,0.8697416861919439,no,yes,no,yes,0.8697416861919439,no,4760000,True,False,False,1
179,3180,1.3862943611198906,0.8697416861919439,0.8697416861919439,no,no,no,no,0.8697416861919439,no,5215000,False,True,False,1
538,3649,1.0986122886681098,0.7412763113750154,0.7412763113750154,no,no,no,no,0.7412763113750154,no,1890000,False,False,True,1
475,3000,1.0986122886681098,0.7412763113750154,0.7412763113750154,no,no,no,no,0.7412763113750154,no,2961000,False,True,False,1
57,9000,1.6094379124341003,0.959134838920824,0.959134838920824,yes,no,no,yes,0.959134838920824,yes,7245000,True,False,False,1
318,4340,1.3862943611198906,0.8697416861919439,0.8697416861919439,no,no,no,no,0.8697416861919439,no,4060000,False,True,False,1
117,3700,1.6094379124341003,0.959134838920824,0.959134838920824,yes,no,no,yes,0.959134838920824,no,5950000,True,False,False,1
325,3460,1.6094379124341003,0.959134838920824,0.959134838920824,no,no,no,yes,0.959134838920824,no,4007500,False,True,False,1
210,4646,1.3862943611198906,0.8697416861919439,0.8697416861919439,yes,yes,no,no,0.8697416861919439,no,4900000,False,True,False,1
416,3450,1.3862943611198906,0.8697416861919439,0.8697416861919439,no,yes,no,no,0.8697416861919439,no,3395000,False,False,True,1
2,9960,1.3862943611198906,0.8697416861919439,0.8697416861919439,no,yes,no,no,0.8697416861919439,yes,12250000,False,True,False,1
194,8150,1.3862943611198906,0.8697416861919439,0.8697416861919439,yes,yes,no,no,0.8697416861919439,no,5005000,False,True,False,1
404,4900,1.3862943611198906,0.8697416861919439,0.8697416861919439,no,no,no,no,0.8697416861919439,no,3493000,False,False,True,0
195,4410,1.6094379124341003,0.959134838920824,0.959134838920824,no,yes,no,no,0.959134838920824,no,4970000,False,True,False,1
449,1650,1.3862943611198906,0.8697416861919439,0.8697416861919439,no,yes,no,no,0.8697416861919439,no,3150000,False,False,True,0
324,4500,1.3862943611198906,0.8697416861919439,0.8697416861919439,no,yes,no,yes,0.8697416861919439,no,4007500,False,True,False,0
0,7420,1.6094379124341003,0.959134838920824,0.959134838920824,no,no,no,yes,0.959134838920824,yes,13300000,True,False,False,1
103,6350,1.3862943611198906,0.8697416861919439,0.8697416861919439,yes,no,no,yes,0.8697416861919439,no,6195000,True,False,False,1
155,6100,1.3862943611198906,0.8697416861919439,0.8697416861919439,no,yes,no,no,0.8697416861919439,yes,5530000,True,False,False,1
177,6050,1.3862943611198906,0.8697416861919439,0.8697416861919439,no,yes,no,no,0.8697416861919439,yes,5243000,False,True,False,1
236,2870,1.0986122886681098,0.7412763113750154,0.7412763113750154,yes,yes,no,no,0.7412763113750154,yes,4620000,False,True,False,1
100,6600,1.3862943611198906,0.8697416861919439,0.8697416861919439,no,yes,no,yes,0.8697416861919439,yes,6230000,False,False,True,1
271,1905,1.791759469228055,1.026672031199051,1.026672031199051,no,yes,no,no,1.026672031199051,no,4340000,False,True,False,0
247,8400,1.6094379124341003,0.959134838920824,0.959134838920824,no,no,no,no,0.959134838920824,no,4550000,False,False,True,1
426,2700,1.3862943611198906,0.8697416861919439,0.8697416861919439,no,no,no,no,0.8697416861919439,no,3353000,True,False,False,0
428,4040,1.0986122886681098,0.7412763113750154,0.7412763113750154,no,no,no,no,0.7412763113750154,no,3325000,False,False,True,1
245,5360,1.3862943611198906,0.8697416861919439,0.8697416861919439,no,no,no,no,0.8697416861919439,yes,4550000,False,False,True,1
323,5400,1.3862943611198906,0.8697416861919439,0.8697416861919439,no,no,no,no,0.8697416861919439,no,4025000,False,True,False,1
275,4032,1.0986122886681098,0.7412763113750154,0.7412763113750154,no,yes,no,no,0.7412763113750154,no,4319000,True,False,False,1
361,6020,1.3862943611198906,0.8697416861919439,0.8697416861919439,no,no,no,no,0.8697416861919439,no,3710000,False,True,False,1
124,6525,1.3862943611198906,0.8697416861919439,0.8697416861919439,no,no,no,no,0.8697416861919439,no,5950000,True,False,False,1
17,8500,1.3862943611198906,0.8697416861919439,0.8697416861919439,no,no,no,yes,0.8697416861919439,no,8960000,True,False,False,1
409,3185,1.0986122886681098,0.7412763113750154,0.7412763113750154,no,no,no,no,0.7412763113750154,no,3430000,False,False,True,1
10,13200,1.3862943611198906,0.8697416861919439,0.8697416861919439,no,yes,no,yes,0.8697416861919439,yes,9800000,True,False,False,1
163,6825,1.3862943611198906,0.8697416861919439,0.8697416861919439,yes,yes,no,yes,0.8697416861919439,yes,5425000,False,True,False,1
102,5500,1.3862943611198906,0.8697416861919439,0.8697416861919439,yes,no,no,yes,0.8697416861919439,no,6195000,False,True,False,1
510,2880,1.3862943611198906,0.8697416861919439,0.8697416861919439,no,no,no,no,0.8697416861919439,no,2520000,False,False,True,0
375,5960,1.3862943611198906,0.8697416861919439,0.8697416861919439,yes,yes,no,no,0.8697416861919439,no,3640000,False,False,True,1
256,4000,1.3862943611198906,0.8697416861919439,0.8697416861919439,no,no,no,no,0.8697416861919439,no,4480000,True,False,False,1
282,2175,1.3862943611198906,0.8697416861919439,0.8697416861919439,yes,yes,no,yes,0.8697416861919439,no,4270000,False,False,True,0
462,2160,1.3862943611198906,0.8697416861919439,0.8697416861919439,no,yes,no,no,0.8697416861919439,no,3080000,False,True,False,0
129,11460,1.3862943611198906,0.8697416861919439,0.8697416861919439,no,no,no,no,0.8697416861919439,yes,5873000,False,True,False,1
80,6000,1.3862943611198906,0.8697416861919439,0.8697416861919439,no,no,yes,no,0.8697416861919439,yes,6629000,False,True,False,1
175,9800,1.6094379124341003,0.959134838920824,0.959134838920824,yes,no,no,no,0.959134838920824,no,5250000,False,True,False,1
35,7000,1.3862943611198906,0.8697416861919439,0.8697416861919439,no,no,no,yes,0.8697416861919439,no,8080940,True,False,False,1
270,4500,1.3862943611198906,0.8697416861919439,0.8697416861919439,no,no,yes,no,0.8697416861919439,no,4340000,True,False,False,1
372,3180,1.3862943611198906,0.8697416861919439,0.8697416861919439,no,yes,no,no,0.8697416861919439,no,3640000,False,True,False,0
173,5300,1.6094379124341003,0.959134838920824,0.959134838920824,no,no,no,yes,0.959134838920824,yes,5250000,False,False,True,1
427,2145,1.3862943611198906,0.8697416861919439,0.8697416861919439,no,yes,no,no,0.8697416861919439,yes,3332000,True,False,False,1
280,6360,1.0986122886681098,0.7412763113750154,0.7412763113750154,no,no,no,no,0.7412763113750154,no,4270000,False,False,True,1
137,4640,1.6094379124341003,0.959134838920824,0.959134838920824,no,no,no,no,0.959134838920824,no,5740000,False,True,False,1
61,8880,1.0986122886681098,0.7412763113750154,0.7412763113750154,no,no,no,yes,0.7412763113750154,no,7070000,False,True,False,1
204,4770,1.3862943611198906,0.8697416861919439,0.8697416861919439,yes,yes,no,no,0.8697416861919439,no,4900000,False,True,False,1
305,3450,1.3862943611198906,0.8697416861919439,0.8697416861919439,no,no,no,no,0.8697416861919439,no,4193000,False,True,False,1
398,3120,1.3862943611198906,0.8697416861919439,0.8697416861919439,no,no,no,no,0.8697416861919439,no,3500000,False,False,True,1
62,6240,1.6094379124341003,0.959134838920824,0.959134838920824,no,no,no,yes,0.959134838920824,no,7070000,True,False,False,1
21,7155,1.3862943611198906,0.8697416861919439,0.8697416861919439,yes,yes,no,yes,0.8697416861919439,no,8680000,False,False,True,1
302,2145,1.3862943611198906,0.8697416861919439,0.8697416861919439,no,no,no,no,0.8697416861919439,yes,4200000,False,False,True,1
439,3930,1.0986122886681098,0.7412763113750154,0.7412763113750154,no,no,no,no,0.7412763113750154,no,3255000,False,False,True,0
295,2325,1.3862943611198906,0.8697416861919439,0.8697416861919439,no,no,no,no,0.8697416861919439,no,4200000,False,True,False,0
444,3120,1.3862943611198906,0.8697416861919439,0.8697416861919439,no,no,no,no,0.8697416861919439,no,3220000,True,False,False,0
123,7320,1.6094379124341003,0.959134838920824,0.959134838920824,no,no,no,no,0.959134838920824,no,5950000,True,False,False,1
263,3968,1.3862943611198906,0.8697416861919439,0.8697416861919439,no,no,no,no,0.8697416861919439,no,4410000,False,True,False,0
224,10240,1.0986122886681098,0.7412763113750154,0.7412763113750154,no,no,no,yes,0.7412763113750154,yes,4760000,False,False,True,1
431,3180,1.6094379124341003,0.959134838920824,0.959134838920824,no,yes,no,yes,0.959134838920824,no,3290000,False,False,True,1
401,9500,1.3862943611198906,0.8697416861919439,0.8697416861919439,no,no,no,no,0.8697416861919439,yes,3500000,False,False,True,1
414,4040,1.0986122886681098,0.7412763113750154,0.7412763113750154,no,no,no,no,0.7412763113750154,no,3423000,False,False,True,1
180,4500,1.6094379124341003,0.959134838920824,0.959134838920824,no,yes,no,yes,0.959134838920824,no,5215000,False,True,False,0
168,4260,1.6094379124341003,0.959134838920824,0.959134838920824,no,yes,no,yes,0.959134838920824,no,5250000,True,False,False,1
55,6000,1.3862943611198906,0.8697416861919439,0.8697416861919439,no,no,no,yes,0.8697416861919439,no,7350000,False,False,True,1
176,8520,1.3862943611198906,0.8697416861919439,0.8697416861919439,no,no,no,yes,0.8697416861919439,no,5250000,True,False,False,1
269,3900,1.3862943611198906,0.8697416861919439,0.8697416861919439,no,no,no,no,0.8697416861919439,no,4375000,False,False,True,1
33,5960,1.3862943611198906,0.8697416861919439,0.8697416861919439,yes,yes,no,no,0.8697416861919439,no,8190000,False,False,True,1
201,4095,1.3862943611198906,0.8697416861919439,0.8697416861919439,yes,yes,no,yes,0.8697416861919439,no,4900000,False,True,False,0
222,9166,1.0986122886681098,0.7412763113750154,0.7412763113750154,no,yes,no,yes,0.7412763113750154,no,4760000,False,True,False,1
359,3600,1.3862943611198906,0.8697416861919439,0.8697416861919439,no,no,no,no,0.8697416861919439,no,3710000,False,False,True,1
390,2135,1.3862943611198906,0.8697416861919439,0.8697416861919439,no,no,no,no,0.8697416861919439,no,3500000,False,False,True,0
238,4510,1.6094379124341003,0.959134838920824,0.959134838920824,no,yes,no,no,0.959134838920824,no,4613000,False,True,False,1
497,3934,1.0986122886681098,0.7412763113750154,0.7412763113750154,no,no,no,no,0.7412763113750154,no,2660000,False,False,True,1
319,3000,1.6094379124341003,0.959134838920824,0.959134838920824,no,yes,no,yes,0.959134838920824,no,4060000,False,True,False,1
314,4040,1.0986122886681098,0.7412763113750154,0.7412763113750154,no,no,no,no,0.7412763113750154,no,4095000,False,True,False,1
356,2520,1.791759469228055,1.026672031199051,1.026672031199051,no,yes,no,yes,1.026672031199051,no,3773000,True,False,False,0
520,7700,1.0986122886681098,0.7412763113750154,0.7412763113750154,no,no,no,no,0.7412763113750154,no,2450000,False,False,True,1
421,4750,1.0986122886681098,0.7412763113750154,0.7412763113750154,no,no,no,no,0.7412763113750154,no,3360000,False,False,True,1
525,3640,1.0986122886681098,0.7412763113750154,0.7412763113750154,no,no,no,no,0.7412763113750154,no,2345000,False,False,True,1
252,9860,1.3862943611198906,0.8697416861919439,0.8697416861919439,no,no,no,no,0.8697416861919439,no,4515000,False,True,False,1
91,6750,1.0986122886681098,0.7412763113750154,0.7412763113750154,yes,yes,no,no,0.7412763113750154,yes,6419000,True,False,False,1
468,2835,1.0986122886681098,0.7412763113750154,0.7412763113750154,no,no,no,no,0.7412763113750154,no,3010000,False,True,False,1
281,4500,1.0986122886681098,0.7412763113750154,0.7412763113750154,no,no,no,yes,0.7412763113750154,no,4270000,True,False,False,1
479,3660,1.6094379124341003,0.959134838920824,0.959134838920824,no,no,no,no,0.959134838920824,no,2940000,False,False,True,0
75,4260,1.6094379124341003,0.959134838920824,0.959134838920824,no,no,yes,no,0.959134838920824,no,6650000,False,True,False,1
211,12900,1.3862943611198906,0.8697416861919439,0.8697416861919439,no,no,no,no,0.8697416861919439,no,4900000,True,False,False,1
321,3630,1.3862943611198906,0.8697416861919439,0.8697416861919439,no,no,yes,no,0.8697416861919439,no,4025000,False,True,False,1
531,5300,1.3862943611198906,0.8697416861919439,0.8697416861919439,no,no,no,yes,0.8697416861919439,yes,2233000,False,False,True,0
395,3600,1.9459101490553132,1.0804178182729878,1.0804178182729878,no,no,no,no,1.0804178182729878,no,3500000,False,False,True,1
267,4920,1.3862943611198906,0.8697416861919439,0.8697416861919439,no,no,no,no,0.8697416861919439,no,4403000,False,True,False,1
53,5150,1.3862943611198906,0.8697416861919439,0.8697416861919439,no,no,no,yes,0.8697416861919439,no,7350000,False,True,False,1
182,3410,1.3862943611198906,0.8697416861919439,0.8697416861919439,no,no,no,yes,0.8697416861919439,no,5145000,False,True,False,0
394,3480,1.3862943611198906,0.8697416861919439,0.8697416861919439,no,no,no,yes,0.8697416861919439,no,3500000,False,False,True,0
207,3000,1.3862943611198906,0.8697416861919439,0.8697416861919439,no,yes,no,yes,0.8697416861919439,no,4900000,False,True,False,1
47,6600,1.3862943611198906,0.8697416861919439,0.8697416861919439,no,no,no,yes,0.8697416861919439,yes,7490000,True,False,False,1
79,6000,1.3862943611198906,0.8697416861919439,0.8697416861919439,yes,no,no,yes,0.8697416861919439,no,6650000,True,False,False,1
430,2500,1.0986122886681098,0.7412763113750154,0.7412763113750154,no,no,no,yes,0.7412763113750154,no,3290000,False,False,True,0
264,4900,1.0986122886681098,0.7412763113750154,0.7412763113750154,no,yes,no,no,0.7412763113750154,no,4410000,False,True,False,1
26,6000,1.3862943611198906,0.8697416861919439,0.8697416861919439,yes,yes,no,yes,0.8697416861919439,yes,8463000,False,True,False,1
104,5500,1.3862943611198906,0.8697416861919439,0.8697416861919439,yes,yes,no,no,0.8697416861919439,yes,6195000,True,False,False,1
94,6000,1.6094379124341003,0.959134838920824,0.959134838920824,no,no,no,no,0.959134838920824,no,6300000,False,True,False,1
3,7500,1.6094379124341003,0.959134838920824,0.959134838920824,no,yes,no,yes,0.959134838920824,yes,12215000,True,False,False,1
306,4840,1.3862943611198906,0.8697416861919439,0.8697416861919439,no,no,no,no,0.8697416861919439,no,4165000,False,True,False,1
226,5170,1.3862943611198906,0.8697416861919439,0.8697416861919439,no,no,no,yes,0.8697416861919439,no,4690000,False,True,False,1
519,4840,1.0986122886681098,0.7412763113750154,0.7412763113750154,no,no,no,no,0.7412763113750154,no,2450000,False,False,True,1
217,6862,1.3862943611198906,0.8697416861919439,0.8697416861919439,no,no,no,yes,0.8697416861919439,yes,4830000,True,False,False,1
38,6000,1.3862943611198906,0.8697416861919439,0.8697416861919439,yes,no,no,yes,0.8697416861919439,no,7962500,False,False,True,1
169,6540,1.6094379124341003,0.959134838920824,0.959134838920824,no,no,no,yes,0.959134838920824,no,5250000,False,True,False,0
419,4960,1.6094379124341003,0.959134838920824,0.959134838920824,no,no,no,no,0.959134838920824,no,3360000,False,True,False,0
65,8880,1.3862943611198906,0.8697416861919439,0.8697416861919439,no,yes,no,yes,0.8697416861919439,no,6930000,True,False,False,1
300,4079,1.3862943611198906,0.8697416861919439,0.8697416861919439,no,no,no,no,0.8697416861919439,no,4200000,False,True,False,1
511,3180,1.3862943611198906,0.8697416861919439,0.8697416861919439,no,no,no,no,0.8697416861919439,no,2520000,False,False,True,0
406,5320,1.0986122886681098,0.7412763113750154,0.7412763113750154,no,no,no,no,0.7412763113750154,yes,3465000,False,False,True,1
452,9000,1.3862943611198906,0.8697416861919439,0.8697416861919439,no,no,no,no,0.8697416861919439,no,3150000,False,True,False,1
15,6000,1.6094379124341003,0.959134838920824,0.959134838920824,no,yes,no,no,0.959134838920824,no,9100000,False,True,False,1
136,5400,1.6094379124341003,0.959134838920824,0.959134838920824,no,no,no,yes,0.959134838920824,no,5740000,False,False,True,1
36,7482,1.3862943611198906,0.8697416861919439,0.8697416861919439,no,no,yes,no,0.8697416861919439,yes,8043000,True,False,False,1
115,8000,1.3862943611198906,0.8697416861919439,0.8697416861919439,yes,yes,no,yes,0.8697416861919439,yes,6020000,False,True,False,1
254,4510,1.6094379124341003,0.959134838920824,0.959134838920824,no,no,no,yes,0.959134838920824,no,4480000,False,True,False,1
329,3960,1.3862943611198906,0.8697416861919439,0.8697416861919439,no,no,no,no,0.8697416861919439,no,3990000,True,False,False,1
354,8400,1.0986122886681098,0.7412763113750154,0.7412763113750154,no,no,no,no,0.7412763113750154,no,3780000,True,False,False,1
4,7420,1.6094379124341003,0.959134838920824,0.959134838920824,yes,yes,no,yes,0.959134838920824,no,11410000,True,False,False,1
230,5400,1.0986122886681098,0.7412763113750154,0.7412763113750154,no,no,no,no,0.7412763113750154,yes,4690000,False,True,False,1
50,7440,1.3862943611198906,0.8697416861919439,0.8697416861919439,no,no,no,no,0.8697416861919439,yes,7420000,False,False,True,1
89,8580,1.791759469228055,1.026672031199051,1.026672031199051,no,no,no,no,1.026672031199051,no,6440000,True,False,False,1
73,6600,1.0986122886681098,0.7412763113750154,0.7412763113750154,no,yes,no,no,0.7412763113750154,yes,6685000,True,False,False,1
122,6254,1.6094379124341003,0.959134838920824,0.959134838920824,no,yes,no,no,0.959134838920824,yes,5950000,False,True,False,1
440,3640,1.6094379124341003,0.959134838920824,0.959134838920824,no,yes,no,no,0.959134838920824,no,3234000,False,False,True,1
290,2610,1.6094379124341003,0.959134838920824,0.959134838920824,no,no,no,no,0.959134838920824,no,4200000,False,True,False,0
501,2430,1.3862943611198906,0.8697416861919439,0.8697416861919439,no,no,no,no,0.8697416861919439,no,2660000,False,False,True,0
135,6000,1.3862943611198906,0.8697416861919439,0.8697416861919439,no,no,no,yes,0.8697416861919439,no,5775000,False,False,True,1
30,7475,1.3862943611198906,0.8697416861919439,0.8697416861919439,no,no,no,yes,0.8697416861919439,no,8400000,False,False,True,1
151,4400,1.6094379124341003,0.959134838920824,0.959134838920824,no,no,no,yes,0.959134838920824,yes,5565000,False,True,False,1
157,2817,1.6094379124341003,0.959134838920824,0.959134838920824,yes,yes,no,no,0.959134838920824,no,5495000,True,False,False,0
523,2787,1.6094379124341003,0.959134838920824,0.959134838920824,no,no,no,no,0.959134838920824,no,2380000,True,False,False,1
459,3500,1.0986122886681098,0.7412763113750154,0.7412763113750154,no,no,no,no,0.7412763113750154,no,3115000,False,False,True,1
214,4350,1.0986122886681098,0.7412763113750154,0.7412763113750154,no,yes,no,no,0.7412763113750154,no,4865000,False,False,True,1
44,6000,1.6094379124341003,0.959134838920824,0.959134838920824,no,no,no,yes,0.959134838920824,no,7560000,True,False,False,1
320,4320,1.3862943611198906,0.8697416861919439,0.8697416861919439,no,no,no,no,0.8697416861919439,yes,4060000,True,False,False,1
412,2610,1.3862943611198906,0.8697416861919439,0.8697416861919439,no,yes,no,no,0.8697416861919439,yes,3430000,False,False,True,1
132,5200,1.3862943611198906,0.8697416861919439,0.8697416861919439,no,no,no,yes,0.8697416861919439,no,5810000,False,True,False,1
334,3290,1.0986122886681098,0.7412763113750154,0.7412763113750154,no,no,yes,no,0.7412763113750154,no,3920000,True,False,False,1
339,3180,1.6094379124341003,0.959134838920824,0.959134838920824,no,no,no,no,0.959134838920824,no,3885000,True,False,False,1
293,4410,1.0986122886681098,0.7412763113750154,0.7412763113750154,no,no,no,no,0.7412763113750154,no,4200000,False,False,True,0
11,6000,1.6094379124341003,0.959134838920824,0.959134838920824,yes,yes,yes,no,0.959134838920824,no,9681000,False,True,False,1
371,3570,1.3862943611198906,0.8697416861919439,0.8697416861919439,no,yes,no,no,0.8697416861919439,no,3640000,False,True,False,1
291,2953,1.3862943611198906,0.8697416861919439,0.8697416861919439,no,yes,no,yes,0.8697416861919439,no,4200000,False,False,True,1
212,3420,1.6094379124341003,0.959134838920824,0.959134838920824,no,yes,no,yes,0.959134838920824,no,4893000,False,True,False,1
258,4040,1.3862943611198906,0.8697416861919439,0.8697416861919439,no,no,no,no,0.8697416861919439,no,4480000,False,True,False,1
83,6000,1.3862943611198906,0.8697416861919439,0.8697416861919439,no,no,no,yes,0.8697416861919439,no,6580000,False,True,False,1
233,4160,1.3862943611198906,0.8697416861919439,0.8697416861919439,yes,yes,no,yes,0.8697416861919439,no,4620000,False,False,True,1
149,6600,1.6094379124341003,0.959134838920824,0.959134838920824,no,yes,no,no,0.959134838920824,yes,5600000,False,True,False,1
172,8400,1.3862943611198906,0.8697416861919439,0.8697416861919439,yes,yes,no,yes,0.8697416861919439,yes,5250000,False,False,True,1
484,3040,1.0986122886681098,0.7412763113750154,0.7412763113750154,no,no,no,no,0.7412763113750154,no,2870000,False,False,True,0
502,3480,1.0986122886681098,0.7412763113750154,0.7412763113750154,no,no,no,no,0.7412763113750154,no,2660000,False,True,False,1
411,2145,1.3862943611198906,0.8697416861919439,0.8697416861919439,no,no,no,no,0.8697416861919439,yes,3430000,True,False,False,1
125,15600,1.3862943611198906,0.8697416861919439,0.8697416861919439,no,no,no,yes,0.8697416861919439,no,5943000,False,True,False,1
352,5830,1.0986122886681098,0.7412763113750154,0.7412763113750154,no,no,no,no,0.7412763113750154,no,3780000,False,False,True,1
512,3000,1.0986122886681098,0.7412763113750154,0.7412763113750154,no,no,no,no,0.7412763113750154,no,2520000,True,False,False,1
188,5720,1.0986122886681098,0.7412763113750154,0.7412763113750154,no,no,no,yes,0.7412763113750154,yes,5075000,False,False,True,1
97,6400,1.3862943611198906,0.8697416861919439,0.8697416861919439,yes,yes,no,yes,0.8697416861919439,yes,6300000,False,True,False,1
42,6480,1.3862943611198906,0.8697416861919439,0.8697416861919439,no,no,no,yes,0.8697416861919439,no,7700000,False,False,True,1
454,4500,1.3862943611198906,0.8697416861919439,0.8697416861919439,no,no,no,yes,0.8697416861919439,no,3143000,False,False,True,1
345,2015,1.3862943611198906,0.8697416861919439,0.8697416861919439,no,yes,no,no,0.8697416861919439,yes,3850000,False,True,False,1
164,6710,1.3862943611198906,0.8697416861919439,0.8697416861919439,yes,yes,no,no,0.8697416861919439,yes,5390000,True,False,False,1
265,2880,1.3862943611198906,0.8697416861919439,0.8697416861919439,no,no,no,no,0.8697416861919439,yes,4403000,False,True,False,1
297,3640,1.3862943611198906,0.8697416861919439,0.8697416861919439,no,yes,no,no,0.8697416861919439,no,4200000,False,False,True,1
111,8372,1.3862943611198906,0.8697416861919439,0.8697416861919439,no,no,no,yes,0.8697416861919439,no,6090000,False,False,True,1
379,3520,1.3862943611198906,0.8697416861919439,0.8697416861919439,no,no,no,no,0.8697416861919439,yes,3633000,False,False,True,1
335,3816,1.0986122886681098,0.7412763113750154,0.7412763113750154,no,yes,no,yes,0.7412763113750154,no,3920000,True,False,False,1
37,9000,1.6094379124341003,0.959134838920824,0.959134838920824,no,no,no,yes,0.959134838920824,no,7980000,True,False,False,1
405,3060,1.3862943611198906,0.8697416861919439,0.8697416861919439,no,no,no,no,0.8697416861919439,no,3465000,False,False,True,1
144,4700,1.6094379124341003,0.959134838920824,0.959134838920824,yes,yes,no,yes,0.959134838920824,no,5600000,True,False,False,1
278,3400,1.3862943611198906,0.8697416861919439,0.8697416861919439,no,yes,no,no,0.8697416861919439,yes,4277000,False,True,False,1
191,10700,1.3862943611198906,0.8697416861919439,0.8697416861919439,yes,yes,no,no,0.8697416861919439,no,5040000,False,True,False,1
81,4000,1.3862943611198906,0.8697416861919439,0.8697416861919439,no,yes,no,yes,0.8697416861919439,no,6615000,False,True,False,1
202,4120,1.0986122886681098,0.7412763113750154,0.7412763113750154,no,yes,no,no,0.7412763113750154,no,4900000,False,True,False,1
495,4000,1.3862943611198906,0.8697416861919439,0.8697416861919439,no,no,no,no,0.8697416861919439,no,2730000,False,False,True,1
25,6540,1.6094379124341003,0.959134838920824,0.959134838920824,yes,yes,no,yes,0.959134838920824,yes,8540000,True,False,False,1
1,8960,1.6094379124341003,0.959134838920824,0.959134838920824,no,no,no,yes,0.959134838920824,no,12250000,True,False,False,1
197,2800,1.3862943611198906,0.8697416861919439,0.8697416861919439,no,yes,no,yes,0.8697416861919439,no,4956000,False,True,False,0
12,6550,1.6094379124341003,0.959134838920824,0.959134838920824,no,no,no,yes,0.959134838920824,yes,9310000,False,True,False,1
213,4995,1.6094379124341003,0.959134838920824,0.959134838920824,no,yes,no,no,0.959134838920824,no,4893000,False,True,False,1
133,4800,1.3862943611198906,0.8697416861919439,0.8697416861919439,no,no,no,yes,0.8697416861919439,no,5810000,False,False,True,1
461,4960,1.0986122886681098,0.7412763113750154,0.7412763113750154,no,yes,no,yes,0.7412763113750154,no,3080000,False,False,True,1
121,7231,1.3862943611198906,0.8697416861919439,0.8697416861919439,yes,yes,no,yes,0.8697416861919439,yes,5950000,False,True,False,1
160,6210,1.6094379124341003,0.959134838920824,0.959134838920824,yes,no,no,yes,0.959134838920824,no,5460000,True,False,False,1
142,10500,1.6094379124341003,0.959134838920824,0.959134838920824,no,no,no,no,0.959134838920824,no,5600000,False,True,False,1
542,3620,1.0986122886681098,0.7412763113750154,0.7412763113750154,no,no,no,no,0.7412763113750154,no,1750000,False,False,True,1
527,1836,1.0986122886681098,0.7412763113750154,0.7412763113750154,no,yes,no,no,0.7412763113750154,no,2275000,False,True,False,0
128,5500,1.3862943611198906,0.8697416861919439,0.8697416861919439,yes,no,no,yes,0.8697416861919439,no,5873000,True,False,False,1
499,3630,1.3862943611198906,0.8697416861919439,0.8697416861919439,yes,no,no,no,0.8697416861919439,no,2660000,False,False,True,0
32,4880,1.6094379124341003,0.959134838920824,0.959134838920824,no,no,no,yes,0.959134838920824,yes,8295000,True,False,False,1
234,3880,1.3862943611198906,0.8697416861919439,0.8697416861919439,no,yes,no,no,0.8697416861919439,no,4620000,False,True,False,1
478,3600,1.3862943611198906,0.8697416861919439,0.8697416861919439,no,no,no,no,0.8697416861919439,no,2940000,False,False,True,0
472,3630,1.6094379124341003,0.959134838920824,0.959134838920824,no,no,no,no,0.959134838920824,no,3010000,False,True,False,1
498,2000,1.0986122886681098,0.7412763113750154,0.7412763113750154,no,no,no,no,0.7412763113750154,no,2660000,False,True,False,1
376,4130,1.3862943611198906,0.8697416861919439,0.8697416861919439,no,no,no,no,0.8697416861919439,no,3640000,False,True,False,1
28,7950,1.791759469228055,1.026672031199051,1.026672031199051,no,yes,yes,no,1.026672031199051,no,8400000,False,False,True,1
391,3036,1.3862943611198906,0.8697416861919439,0.8697416861919439,no,yes,no,no,0.8697416861919439,no,3500000,False,True,False,1
386,3850,1.3862943611198906,0.8697416861919439,0.8697416861919439,no,no,no,no,0.8697416861919439,no,3535000,False,False,True,1
517,3000,1.0986122886681098,0.7412763113750154,0.7412763113750154,no,no,no,no,0.7412763113750154,no,2450000,False,False,True,1
166,7800,1.3862943611198906,0.8697416861919439,0.8697416861919439,no,yes,no,yes,0.8697416861919439,yes,5320000,False,False,True,1
64,11175,1.3862943611198906,0.8697416861919439,0.8697416861919439,no,yes,no,yes,0.8697416861919439,yes,7000000,True,False,False,1
288,5040,1.3862943611198906,0.8697416861919439,0.8697416861919439,no,yes,no,yes,0.8697416861919439,no,4200000,False,False,True,1
470,5076,1.3862943611198906,0.8697416861919439,0.8697416861919439,no,no,no,no,0.8697416861919439,no,3010000,False,False,True,0
308,4046,1.3862943611198906,0.8697416861919439,0.8697416861919439,no,yes,no,no,0.8697416861919439,no,4165000,False,True,False,1
292,2747,1.6094379124341003,0.959134838920824,0.959134838920824,no,no,no,no,0.959134838920824,no,4200000,False,True,False,0
397,5900,1.0986122886681098,0.7412763113750154,0.7412763113750154,no,no,no,no,0.7412763113750154,no,3500000,True,False,False,1
389,4600,1.6094379124341003,0.959134838920824,0.959134838920824,no,no,no,no,0.959134838920824,no,3500000,False,True,False,1
186,11410,1.0986122886681098,0.7412763113750154,0.7412763113750154,no,no,no,no,0.7412763113750154,yes,5110000,True,False,False,1
241,3760,1.3862943611198906,0.8697416861919439,0.8697416861919439,no,no,no,no,0.8697416861919439,no,4550000,False,True,False,1
158,7980,1.3862943611198906,0.8697416861919439,0.8697416861919439,no,no,no,no,0.8697416861919439,no,5495000,False,True,False,1
106,5450,1.6094379124341003,0.959134838920824,0.959134838920824,no,yes,no,yes,0.959134838920824,yes,6160000,False,True,False,1
119,7020,1.3862943611198906,0.8697416861919439,0.8697416861919439,no,yes,no,yes,0.8697416861919439,yes,5950000,False,True,False,1
283,4360,1.6094379124341003,0.959134838920824,0.959134838920824,no,no,no,no,0.959134838920824,no,4270000,True,False,False,1
29,5500,1.6094379124341003,0.959134838920824,0.959134838920824,no,yes,no,yes,0.959134838920824,yes,8400000,False,True,False,1
362,4050,1.0986122886681098,0.7412763113750154,0.7412763113750154,no,no,no,no,0.7412763113750154,no,3710000,True,False,False,1
22,8050,1.3862943611198906,0.8697416861919439,0.8697416861919439,yes,yes,no,yes,0.8697416861919439,no,8645000,True,False,False,1
162,6600,1.6094379124341003,0.959134838920824,0.959134838920824,yes,yes,no,no,0.959134838920824,yes,5460000,False,True,False,1
514,3000,1.3862943611198906,0.8697416861919439,0.8697416861919439,no,no,no,no,0.8697416861919439,no,2485000,False,True,False,0
448,4095,1.0986122886681098,0.7412763113750154,0.7412763113750154,no,no,no,no,0.7412763113750154,no,3150000,False,True,False,1
343,4080,1.0986122886681098,0.7412763113750154,0.7412763113750154,no,no,no,no,0.7412763113750154,no,3850000,False,True,False,1
68,6000,1.3862943611198906,0.8697416861919439,0.8697416861919439,no,no,no,yes,0.8697416861919439,no,6860000,True,False,False,1
311,6060,1.0986122886681098,0.7412763113750154,0.7412763113750154,no,yes,no,no,0.7412763113750154,no,4123000,False,True,False,1
347,3350,1.3862943611198906,0.8697416861919439,0.8697416861919439,no,no,no,no,0.8697416861919439,no,3836000,False,False,True,1
266,4880,1.3862943611198906,0.8697416861919439,0.8697416861919439,no,no,no,no,0.8697416861919439,yes,4403000,False,False,True,1
537,1700,1.3862943611198906,0.8697416861919439,0.8697416861919439,no,no,no,no,0.8697416861919439,no,1890000,False,False,True,1
489,3300,1.3862943611198906,0.8697416861919439,0.8697416861919439,no,no,no,no,0.8697416861919439,no,2835000,False,True,False,0
116,6900,1.3862943611198906,0.8697416861919439,0.8697416861919439,yes,yes,no,no,0.8697416861919439,yes,6020000,False,False,True,1
438,4500,1.0986122886681098,0.7412763113750154,0.7412763113750154,no,no,no,no,0.7412763113750154,no,3255000,False,True,False,0
187,6100,1.3862943611198906,0.8697416861919439,0.8697416861919439,no,yes,no,yes,0.8697416861919439,yes,5110000,False,True,False,1
534,3000,1.6094379124341003,0.959134838920824,0.959134838920824,no,no,no,no,0.959134838920824,no,2100000,False,False,True,1
287,5500,1.3862943611198906,0.8697416861919439,0.8697416861919439,no,no,no,yes,0.8697416861919439,no,4200000,False,False,True,1
331,7260,1.3862943611198906,0.8697416861919439,0.8697416861919439,yes,yes,no,no,0.8697416861919439,no,3920000,True,False,False,1
192,6600,1.3862943611198906,0.8697416861919439,0.8697416861919439,yes,yes,no,no,0.8697416861919439,yes,5040000,True,False,False,1
457,3000,1.3862943611198906,0.8697416861919439,0.8697416861919439,no,no,no,yes,0.8697416861919439,no,3115000,False,False,True,0
465,3800,1.0986122886681098,0.7412763113750154,0.7412763113750154,no,no,no,no,0.7412763113750154,no,3045000,False,False,True,1
315,5600,1.0986122886681098,0.7412763113750154,0.7412763113750154,no,no,no,yes,0.7412763113750154,no,4095000,False,True,False,1
13,3500,1.6094379124341003,0.959134838920824,0.959134838920824,no,no,yes,no,0.959134838920824,no,9240000,True,False,False,1
8,8100,1.6094379124341003,0.959134838920824,0.959134838920824,yes,yes,no,yes,0.959134838920824,yes,9870000,True,False,False,1
126,7160,1.3862943611198906,0.8697416861919439,0.8697416861919439,no,yes,no,no,0.8697416861919439,yes,5880000,False,False,True,1
528,3970,0.6931471805599453,0.5265890341390446,0.5265890341390446,no,no,no,no,0.5265890341390446,no,2275000,False,False,True,0
451,6750,1.0986122886681098,0.7412763113750154,0.7412763113750154,no,no,no,no,0.7412763113750154,no,3150000,False,True,False,1
387,4240,1.3862943611198906,0.8697416861919439,0.8697416861919439,no,no,no,yes,0.8697416861919439,no,3500000,False,True,False,1
506,2910,1.0986122886681098,0.7412763113750154,0.7412763113750154,no,no,no,no,0.7412763113750154,no,2604000,False,False,True,0
255,5885,1.0986122886681098,0.7412763113750154,0.7412763113750154,no,no,no,yes,0.7412763113750154,no,4480000,False,False,True,1
503,4000,1.3862943611198906,0.8697416861919439,0.8697416861919439,no,no,no,no,0.8697416861919439,no,2660000,False,True,False,1
490,4350,1.3862943611198906,0.8697416861919439,0.8697416861919439,no,no,yes,no,0.8697416861919439,no,2835000,False,False,True,0
338,3780,1.0986122886681098,0.7412763113750154,0.7412763113750154,yes,yes,no,no,0.7412763113750154,no,3885000,False,True,False,1
185,3000,1.3862943611198906,0.8697416861919439,0.8697416861919439,no,yes,no,no,0.8697416861919439,no,5110000,False,False,True,1
340,5300,1.791759469228055,1.026672031199051,1.026672031199051,no,no,no,no,1.026672031199051,no,3850000,False,True,False,1
154,3650,1.3862943611198906,0.8697416861919439,0.8697416861919439,no,no,no,no,0.8697416861919439,no,5530000,False,True,False,1
327,6480,1.3862943611198906,0.8697416861919439,0.8697416861919439,no,no,no,yes,0.8697416861919439,no,3990000,False,True,False,0
31,7000,1.3862943611198906,0.8697416861919439,0.8697416861919439,no,no,no,yes,0.8697416861919439,no,8400000,False,True,False,1
445,3450,0.6931471805599453,0.5265890341390446,0.5265890341390446,no,no,no,no,0.5265890341390446,no,3150000,True,False,False,1
279,6360,1.0986122886681098,0.7412763113750154,0.7412763113750154,no,no,no,no,0.7412763113750154,no,4270000,True,False,False,1
532,3000,1.0986122886681098,0.7412763113750154,0.7412763113750154,no,no,no,no,0.7412763113750154,no,2135000,False,False,True,0
24,8800,1.3862943611198906,0.8697416861919439,0.8697416861919439,no,no,no,yes,0.8697416861919439,no,8575000,True,False,False,1
171,10269,1.3862943611198906,0.8697416861919439,0.8697416861919439,no,no,no,no,0.8697416861919439,yes,5250000,False,True,False,1
63,6360,1.6094379124341003,0.959134838920824,0.959134838920824,no,no,no,yes,0.959134838920824,yes,7035000,True,False,False,1
516,3240,1.0986122886681098,0.7412763113750154,0.7412763113750154,yes,no,no,no,0.7412763113750154,no,2450000,False,False,True,0
145,5000,1.3862943611198906,0.8697416861919439,0.8697416861919439,no,no,no,no,0.8697416861919439,no,5600000,True,False,False,1
377,2850,1.3862943611198906,0.8697416861919439,0.8697416861919439,no,yes,no,no,0.8697416861919439,yes,3640000,False,False,True,0
49,7440,1.3862943611198906,0.8697416861919439,0.8697416861919439,yes,yes,no,yes,0.8697416861919439,yes,7420000,False,True,False,1
492,2650,1.3862943611198906,0.8697416861919439,0.8697416861919439,no,yes,no,no,0.8697416861919439,no,2800000,False,False,True,1
285,6650,1.3862943611198906,0.8697416861919439,0.8697416861919439,yes,no,no,no,0.8697416861919439,no,4235000,False,True,False,1
193,4800,1.0986122886681098,0.7412763113750154,0.7412763113750154,yes,yes,no,no,0.7412763113750154,no,5033000,False,True,False,1
474,4352,1.6094379124341003,0.959134838920824,0.959134838920824,no,no,no,no,0.959134838920824,no,2975000,False,False,True,0
174,3800,1.3862943611198906,0.8697416861919439,0.8697416861919439,yes,yes,no,no,0.8697416861919439,yes,5250000,False,False,True,1
146,10500,1.0986122886681098,0.7412763113750154,0.7412763113750154,no,no,no,no,0.7412763113750154,no,5600000,False,True,False,1
437,5880,1.3862943611198906,0.8697416861919439,0.8697416861919439,no,no,no,no,0.8697416861919439,no,3290000,False,False,True,1
399,7350,1.0986122886681098,0.7412763113750154,0.7412763113750154,no,no,no,no,0.7412763113750154,no,3500000,False,True,False,1
9,5750,1.3862943611198906,0.8697416861919439,0.8697416861919439,yes,no,no,yes,0.8697416861919439,yes,9800000,False,False,True,1
307,4080,1.3862943611198906,0.8697416861919439,0.8697416861919439,no,no,no,no,0.8697416861919439,no,4165000,False,True,False,1
504,3185,1.0986122886681098,0.7412763113750154,0.7412763113750154,no,no,no,yes,0.7412763113750154,no,2653000,False,False,True,1
518,3500,1.0986122886681098,0.7412763113750154,0.7412763113750154,yes,no,no,no,0.7412763113750154,no,2450000,False,False,True,1
170,5500,1.3862943611198906,0.8697416861919439,0.8697416861919439,no,yes,no,no,0.8697416861919439,no,5250000,False,True,False,1
420,4120,1.0986122886681098,0.7412763113750154,0.7412763113750154,no,no,no,no,0.7412763113750154,no,3360000,False,False,True,1
18,4600,1.3862943611198906,0.8697416861919439,0.8697416861919439,yes,no,no,yes,0.8697416861919439,no,8890000,True,False,False,1
289,5850,1.0986122886681098,0.7412763113750154,0.7412763113750154,yes,yes,no,no,0.7412763113750154,no,4200000,False,True,False,1
248,4100,1.0986122886681098,0.7412763113750154,0.7412763113750154,yes,yes,no,no,0.7412763113750154,no,4543000,False,True,False,1
496,4000,1.0986122886681098,0.7412763113750154,0.7412763113750154,no,no,no,no,0.7412763113750154,no,2695000,False,False,True,1
19,6420,1.3862943611198906,0.8697416861919439,0.8697416861919439,no,no,no,yes,0.8697416861919439,yes,8855000,False,True,False,1
6,8580,1.6094379124341003,0.959134838920824,0.959134838920824,no,no,no,yes,0.959134838920824,yes,10150000,False,True,False,1
466,3090,1.3862943611198906,0.8697416861919439,0.8697416861919439,no,no,no,no,0.8697416861919439,no,3010000,False,True,False,0
408,4000,1.0986122886681098,0.7412763113750154,0.7412763113750154,no,no,no,no,0.7412763113750154,no,3430000,False,False,True,1
476,5850,1.3862943611198906,0.8697416861919439,0.8697416861919439,no,yes,no,no,0.8697416861919439,no,2940000,False,False,True,1
447,3500,1.0986122886681098,0.7412763113750154,0.7412763113750154,no,yes,no,no,0.7412763113750154,no,3150000,False,True,False,0
39,6000,1.6094379124341003,0.959134838920824,0.959134838920824,no,no,no,yes,0.959134838920824,no,7910000,False,True,False,1
424,3100,1.3862943611198906,0.8697416861919439,0.8697416861919439,no,yes,no,no,0.8697416861919439,no,3360000,False,True,False,0
112,4300,1.9459101490553132,1.0804178182729878,1.0804178182729878,no,no,no,no,1.0804178182729878,no,6083000,True,False,False,1
313,3680,1.3862943611198906,0.8697416861919439,0.8697416861919439,no,no,no,no,0.8697416861919439,no,4095000,False,True,False,1
274,6450,1.6094379124341003,0.959134838920824,0.959134838920824,no,no,no,no,0.959134838920824,no,4340000,False,True,False,1
66,13200,1.0986122886681098,0.7412763113750154,0.7412763113750154,no,yes,yes,no,0.7412763113750154,no,6930000,True,False,False,1
429,4775,1.6094379124341003,0.959134838920824,0.959134838920824,no,no,no,no,0.959134838920824,no,3325000,False,False,True,1
417,3640,1.0986122886681098,0.7412763113750154,0.7412763113750154,no,no,no,no,0.7412763113750154,no,3395000,True,False,False,1
509,3600,1.0986122886681098,0.7412763113750154,0.7412763113750154,no,yes,no,no,0.7412763113750154,no,2590000,True,False,False,1
276,4400,1.0986122886681098,0.7412763113750154,0.7412763113750154,no,no,no,no,0.7412763113750154,no,4305000,False,True,False,1
58,7680,1.6094379124341003,0.959134838920824,0.959134838920824,yes,no,no,yes,0.959134838920824,no,7210000,False,True,False,1
540,3000,1.0986122886681098,0.7412763113750154,0.7412763113750154,no,yes,no,no,0.7412763113750154,no,1820000,False,False,True,1
433,3480,1.6094379124341003,0.959134838920824,0.959134838920824,no,no,no,no,0.959134838920824,no,3290000,False,True,False,0
85,8250,1.3862943611198906,0.8697416861919439,0.8697416861919439,no,no,no,yes,0.8697416861919439,no,6510000,True,False,False,1
78,5700,1.3862943611198906,0.8697416861919439,0.8697416861919439,yes,yes,no,yes,0.8697416861919439,yes,6650000,True,False,False,1
74,4040,1.3862943611198906,0.8697416861919439,0.8697416861919439,no,yes,yes,no,0.8697416861919439,no,6650000,True,False,False,1
277,10360,1.0986122886681098,0.7412763113750154,0.7412763113750154,no,no,no,no,0.7412763113750154,yes,4305000,False,True,False,1
364,3120,1.3862943611198906,0.8697416861919439,0.8697416861919439,no,yes,yes,no,0.8697416861919439,no,3703000,False,True,False,0
435,4040,1.0986122886681098,0.7412763113750154,0.7412763113750154,no,no,no,no,0.7412763113750154,no,3290000,False,False,True,1
262,3750,1.0986122886681098,0.7412763113750154,0.7412763113750154,yes,yes,no,no,0.7412763113750154,no,4445000,False,True,False,1
365,5450,1.0986122886681098,0.7412763113750154,0.7412763113750154,no,no,no,no,0.7412763113750154,no,3703000,True,False,False,1
152,5400,1.791759469228055,1.026672031199051,1.026672031199051,yes,yes,no,yes,1.026672031199051,yes,5565000,True,False,False,1
491,2640,1.0986122886681098,0.7412763113750154,0.7412763113750154,no,no,no,no,0.7412763113750154,no,2835000,True,False,False,0
477,4960,1.0986122886681098,0.7412763113750154,0.7412763113750154,no,no,no,no,0.7412763113750154,no,2940000,False,False,True,1
147,5500,1.3862943611198906,0.8697416861919439,0.8697416861919439,no,no,no,no,0.8697416861919439,no,5600000,False,True,False,1
228,3630,1.3862943611198906,0.8697416861919439,0.8697416861919439,no,no,no,no,0.8697416861919439,no,4690000,False,True,False,1
113,9620,1.3862943611198906,0.8697416861919439,0.8697416861919439,no,yes,no,no,0.8697416861919439,yes,6083000,True,False,False,1
508,4400,1.0986122886681098,0.7412763113750154,0.7412763113750154,no,no,no,no,0.7412763113750154,no,2590000,False,False,True,1
500,2800,1.3862943611198906,0.8697416861919439,0.8697416861919439,no,no,no,no,0.8697416861919439,no,2660000,False,False,True,1
40,6550,1.3862943611198906,0.8697416861919439,0.8697416861919439,no,yes,no,yes,0.8697416861919439,yes,7875000,True,False,False,1
425,3185,1.0986122886681098,0.7412763113750154,0.7412763113750154,no,yes,no,no,0.7412763113750154,no,3360000,True,False,False,1
299,7000,1.3862943611198906,0.8697416861919439,0.8697416861919439,no,no,no,no,0.8697416861919439,no,4200000,True,False,False,1
5,7500,1.3862943611198906,0.8697416861919439,0.8697416861919439,no,yes,no,yes,0.8697416861919439,yes,10850000,False,True,False,1
109,6615,1.6094379124341003,0.959134838920824,0.959134838920824,yes,no,yes,no,0.959134838920824,no,6090000,False,True,False,1
482,3150,1.3862943611198906,0.8697416861919439,0.8697416861919439,no,no,no,no,0.8697416861919439,no,2940000,False,False,True,0
240,3840,1.3862943611198906,0.8697416861919439,0.8697416861919439,no,no,no,no,0.8697416861919439,yes,4585000,False,True,False,1
86,6670,1.3862943611198906,0.8697416861919439,0.8697416861919439,no,yes,no,no,0.8697416861919439,yes,6510000,False,False,True,1
45,6000,1.3862943611198906,0.8697416861919439,0.8697416861919439,no,no,no,yes,0.8697416861919439,no,7560000,False,True,False,1
183,7980,1.3862943611198906,0.8697416861919439,0.8697416861919439,no,no,no,no,0.8697416861919439,yes,5145000,False,True,False,1
349,4820,1.3862943611198906,0.8697416861919439,0.8697416861919439,no,no,no,no,0.8697416861919439,no,3780000,False,True,False,1
453,3069,1.0986122886681098,0.7412763113750154,0.7412763113750154,no,no,no,no,0.7412763113750154,no,3150000,False,False,True,1
203,5400,1.6094379124341003,0.959134838920824,0.959134838920824,no,no,no,no,0.959134838920824,no,4900000,False,True,False,1
87,3960,1.3862943611198906,0.8697416861919439,0.8697416861919439,no,yes,no,no,0.8697416861919439,no,6475000,False,True,False,1
51,6325,1.3862943611198906,0.8697416861919439,0.8697416861919439,no,no,no,yes,0.8697416861919439,no,7420000,False,False,True,1
150,5136,1.3862943611198906,0.8697416861919439,0.8697416861919439,yes,yes,no,yes,0.8697416861919439,yes,5600000,False,False,True,1
90,5000,1.3862943611198906,0.8697416861919439,0.8697416861919439,no,no,no,yes,0.8697416861919439,no,6440000,False,True,False,1
402,5880,1.0986122886681098,0.7412763113750154,0.7412763113750154,no,no,no,no,0.7412763113750154,no,3500000,False,False,True,1
469,4600,1.0986122886681098,0.7412763113750154,0.7412763113750154,no,no,no,no,0.7412763113750154,no,3010000,True,False,False,1
140,5800,1.3862943611198906,0.8697416861919439,0.8697416861919439,no,no,no,yes,0.8697416861919439,no,5740000,False,False,True,1
350,3420,1.0986122886681098,0.7412763113750154,0.7412763113750154,no,no,yes,no,0.7412763113750154,no,3780000,False,True,False,1
298,5800,1.3862943611198906,0.8697416861919439,0.8697416861919439,no,no,yes,no,0.8697416861919439,no,4200000,False,True,False,1
82,10500,1.3862943611198906,0.8697416861919439,0.8697416861919439,no,yes,no,yes,0.8697416861919439,yes,6615000,True,False,False,1
370,4280,1.0986122886681098,0.7412763113750154,0.7412763113750154,no,no,no,yes,0.7412763113750154,no,3640000,False,True,False,1
381,4000,1.0986122886681098,0.7412763113750154,0.7412763113750154,no,no,no,no,0.7412763113750154,yes,3605000,False,True,False,1
98,6600,1.3862943611198906,0.8697416861919439,0.8697416861919439,no,no,no,yes,0.8697416861919439,yes,6293000,False,False,True,1
14,7800,1.3862943611198906,0.8697416861919439,0.8697416861919439,no,no,no,no,0.8697416861919439,yes,9240000,False,True,False,1
286,2787,1.3862943611198906,0.8697416861919439,0.8697416861919439,no,yes,no,no,0.8697416861919439,yes,4235000,True,False,False,1
141,6660,1.6094379124341003,0.959134838920824,0.959134838920824,yes,yes,no,no,0.959134838920824,yes,5652500,False,True,False,1
120,6540,1.3862943611198906,0.8697416861919439,0.8697416861919439,yes,yes,no,no,0.8697416861919439,yes,5950000,True,False,False,1
259,6360,1.0986122886681098,0.7412763113750154,0.7412763113750154,no,yes,no,yes,0.7412763113750154,no,4473000,True,False,False,1
536,3420,1.791759469228055,1.026672031199051,1.026672031199051,no,no,no,no,1.026672031199051,no,1960000,False,False,True,0
27,8875,1.3862943611198906,0.8697416861919439,0.8697416861919439,no,no,no,no,0.8697416861919439,no,8400000,False,True,False,1
357,6930,1.6094379124341003,0.959134838920824,0.959134838920824,no,no,no,no,0.959134838920824,no,3773000,True,False,False,0
460,8100,1.0986122886681098,0.7412763113750154,0.7412763113750154,no,no,no,no,0.7412763113750154,no,3087000,False,False,True,1
96,9000,1.3862943611198906,0.8697416861919439,0.8697416861919439,no,yes,no,no,0.8697416861919439,yes,6300000,True,False,False,1
220,8100,1.6094379124341003,0.959134838920824,0.959134838920824,no,yes,no,yes,0.959134838920824,no,4795000,False,True,False,1
209,6720,1.3862943611198906,0.8697416861919439,0.8697416861919439,no,no,no,no,0.8697416861919439,no,4900000,False,False,True,1
382,3150,1.3862943611198906,0.8697416861919439,0.8697416861919439,no,yes,no,no,0.8697416861919439,no,3570000,True,False,False,1
257,8250,1.3862943611198906,0.8697416861919439,0.8697416861919439,no,no,no,no,0.8697416861919439,no,4480000,True,False,False,1
118,6420,1.3862943611198906,0.8697416861919439,0.8697416861919439,no,yes,no,yes,0.8697416861919439,yes,5950000,True,False,False,1
418,3500,1.6094379124341003,0.959134838920824,0.959134838920824,no,no,no,yes,0.959134838920824,no,3360000,False,False,True,1
471,3750,1.3862943611198906,0.8697416861919439,0.8697416861919439,no,no,no,no,0.8697416861919439,no,3010000,False,False,True,1
443,4320,1.3862943611198906,0.8697416861919439,0.8697416861919439,no,no,no,no,0.8697416861919439,no,3220000,False,False,True,0
383,4500,1.6094379124341003,0.959134838920824,0.959134838920824,no,yes,no,no,0.959134838920824,no,3570000,True,False,False,1
485,3630,1.0986122886681098,0.7412763113750154,0.7412763113750154,no,no,no,no,0.7412763113750154,no,2870000,False,False,True,1
88,7410,1.3862943611198906,0.8697416861919439,0.8697416861919439,yes,yes,no,yes,0.8697416861919439,yes,6475000,False,False,True,1
378,2275,1.3862943611198906,0.8697416861919439,0.8697416861919439,no,no,yes,yes,0.8697416861919439,yes,3640000,False,True,False,1
544,3850,1.3862943611198906,0.8697416861919439,0.8697416861919439,no,no,no,no,0.8697416861919439,no,1750000,False,False,True,1
434,3792,1.6094379124341003,0.959134838920824,0.959134838920824,no,no,no,no,0.959134838920824,no,3290000,False,True,False,1
488,5200,1.6094379124341003,0.959134838920824,0.959134838920824,no,no,no,no,0.959134838920824,no,2852500,False,False,True,1
393,7424,1.3862943611198906,0.8697416861919439,0.8697416861919439,no,no,no,no,0.8697416861919439,no,3500000,False,False,True,0
385,3640,1.0986122886681098,0.7412763113750154,0.7412763113750154,no,no,no,no,0.7412763113750154,no,3570000,False,False,True,1
366,3630,1.0986122886681098,0.7412763113750154,0.7412763113750154,no,yes,no,no,0.7412763113750154,no,3675000,True,False,False,1
432,6060,1.3862943611198906,0.8697416861919439,0.8697416861919439,yes,yes,no,no,0.8697416861919439,no,3290000,True,False,False,1
60,6000,1.3862943611198906,0.8697416861919439,0.8697416861919439,yes,no,no,no,0.8697416861919439,no,7140000,False,True,False,1
198,5948,1.3862943611198906,0.8697416861919439,0.8697416861919439,no,no,no,yes,0.8697416861919439,no,4935000,False,True,False,1
296,4600,1.3862943611198906,0.8697416861919439,0.8697416861919439,no,no,no,yes,0.8697416861919439,no,4200000,False,True,False,1
23,4560,1.3862943611198906,0.8697416861919439,0.8697416861919439,yes,yes,no,yes,0.8697416861919439,no,8645000,True,False,False,1
54,6000,1.3862943611198906,0.8697416861919439,0.8697416861919439,yes,no,no,yes,0.8697416861919439,no,7350000,False,True,False,1
380,4500,1.0986122886681098,0.7412763113750154,0.7412763113750154,no,no,no,no,0.7412763113750154,no,3605000,False,True,False,1
415,4785,1.3862943611198906,0.8697416861919439,0.8697416861919439,yes,yes,no,yes,0.8697416861919439,no,3395000,True,False,False,1
225,6440,1.0986122886681098,0.7412763113750154,0.7412763113750154,no,no,no,yes,0.7412763113750154,no,4753000,False,True,False,1
107,6420,1.3862943611198906,0.8697416861919439,0.8697416861919439,no,yes,no,no,0.8697416861919439,yes,6125000,False,False,True,1
253,3520,1.0986122886681098,0.7412763113750154,0.7412763113750154,no,no,no,no,0.7412763113750154,yes,4515000,True,False,False,1
346,2176,1.0986122886681098,0.7412763113750154,0.7412763113750154,yes,no,no,no,0.7412763113750154,yes,3850000,False,True,False,1
199,4200,1.3862943611198906,0.8697416861919439,0.8697416861919439,no,no,no,no,0.8697416861919439,no,4907000,True,False,False,1
243,2550,1.3862943611198906,0.8697416861919439,0.8697416861919439,no,yes,no,no,0.8697416861919439,no,4550000,True,False,False,1
250,3510,1.3862943611198906,0.8697416861919439,0.8697416861919439,no,no,no,no,0.8697416861919439,no,4515000,False,True,False,1
541,2400,1.3862943611198906,0.8697416861919439,0.8697416861919439,no,no,no,no,0.8697416861919439,no,1767150,False,True,False,0
72,5020,1.3862943611198906,0.8697416861919439,0.8697416861919439,no,no,no,yes,0.8697416861919439,yes,6720000,False,False,True,1
392,3990,1.3862943611198906,0.8697416861919439,0.8697416861919439,no,no,no,no,0.8697416861919439,no,3500000,False,True,False,1
159,3150,1.3862943611198906,0.8697416861919439,0.8697416861919439,yes,yes,no,yes,0.8697416861919439,no,5460000,True,False,False,1
41,6360,1.3862943611198906,0.8697416861919439,0.8697416861919439,no,no,no,yes,0.8697416861919439,yes,7840000,True,False,False,1
